{"LPJD1vral+12lA8a9yDj0g==":"imageedit_2-8639137366-96x42.png","HeQwSEXXA9gzveDmyHPEbQ==":"imageedit_9-9750742837-160x53.png","LWdgmAb1JZSU4ZyIylN4Gg==":"imageedit_8-9904256446-483x159.png","JfJSNQBdHOBpY0t+ib0a+A==":"mbr-1920x1357.jpg","iJT9PStdNQsYmybVL8xYjg==":"802a250a-0532-4ab9-a1ef-46297ff77bb5-1024x1024.png","bjchUJCcLSQA2BRji7ps5A==":"802a250a-0532-4ab9-a1ef-46297ff77bb5-1-1024x1024.png","Cb4v5YnNuQAsjvIRc9JwOQ==":"screenshot%202024-03-03%20at%204.38.57%E2%80%AFpm-712x453.png","oifVTtA1w4NqOQrvXH7A8Q==":"screenshot%202024-03-03%20at%204.38.57%E2%80%AFpm-712x453.png","8Cc5rP8IPAn0amiQe0pxWQ==":"screenshot%202024-03-03%20at%204.38.57%E2%80%AFpm-712x453.png","vbE8sJN0ULLG0IvtdvvQrQ==":"decentralized%20network-1811x1013.png","24fVT3C61j34KmRMif6v0w==":"decentralized%20network-1811x1013.png","+f2pqYfhYZ/B0RveBo+wzg==":"istockphoto-1149046537-1024x576.jpeg","nR+6EnTXjXP+S+38HFUotg==":"cloud-storage-background-business-network-design-712x475.jpg","w5x7dBl1xfdnumLJeevWqw==":"screenshot%202024-03-03%20at%206.07.24%E2%80%AFpm-629x469.png","C/l2iXK83Ezax2p07KljgA==":"goonlinetools-image-downloader-160x160.jpg","ffLIn4armCN3x3kOxwr8xg==":"unnamed-600x824.jpg","6WmzCprqC5eaM3nijCOm7Q==":"decentralized%20network-1683x941.png","WmiASe9QC1MeDBY6e6T9Ow==":"802a250a-0532-4ab9-a1ef-46297ff77bb5-518x518.png","fUjJly0SAzQxfCd4bH0owQ==":"imageedit_2-8639137366-518x225.png","aGVEuIxfSxC9vhLmd7d9MA==":"istockphoto-1139805930-518x291.jpg","s+VYuill0JkMMFTJHM/dxg==":"istockphoto-1139805930-518x291.jpeg","TTnXaERH6xsbb8KvFJf4MQ==":"204-479x600.jpg","Ckyt4ZkMCe0BgOIaIT/kfA==":"istockphoto-1407944718-518x279.jpeg","hYaho0HOcRW9VVhpfl7SBQ==":"screenshot%202024-03-01%20at%207.15.04%E2%80%AFpm-160x69.png","m5zuf7qbRlc0PWhTUq5B2Q==":"cloud-storage-background-business-network-design-518x345.jpg","DHItArz07oDDpZlNfQQt3Q==":"fen_fae-518x656.jpg","jk9ONkzJKaibzhDi1zXhUA==":"crow%20and%20surreal-518x325.jpg","7Ze6Bjb53PBgjBYNQLEoMA==":"mbr-518x366.jpg","FSageA/luUDcuxKWlkx4gg==":"mbr-1-1920x1357.jpg","K8/3ZCHEut3M3sirml6pPw==":"mbr-518x345.jpg","LqimP1N1JiNikPRuwEODOA==":"mbr-1920x1280.jpg","Wc44S7BjI6BoW4ZYVaTQRA==":"mbr-1920x1055.png","W/pTrMjBG+hiPvjHBXaKKg==":"mbr-518x291.jpg","J4t5xUjeFe8uscJhV6KwMA==":"mbr-1-518x366.jpg","0vUsHXuh467fTY0xtwR/1w==":"unnamed-600x824.jpeg"}